{
  "rtime": {
    "sum": 846.4972169399261,
    "avg": 6.089908035539037,
    "min": 1.8507850170135498,
    "p10": 1.8521825075149536,
    "median": 8.180670976638794,
    "p75": 9.193582057952881,
    "max": 9.197256088256836,
    "count": 139
  },
  "utime": {
    "sum": 517.6759999999999,
    "avg": 3.7242877697841723,
    "min": 0.436,
    "p10": 0.44,
    "median": 5.604,
    "p75": 6.076,
    "max": 6.08,
    "count": 139
  },
  "stime": {
    "sum": 7.208000000000001,
    "avg": 0.05185611510791368,
    "min": 0.02,
    "p10": 0.02,
    "median": 0.064,
    "p75": 0.07199999999999999,
    "max": 0.07199999999999999,
    "count": 139
  },
  "cutime": {
    "sum": 840.1079999999984,
    "avg": 6.043942446043154,
    "min": 3.136,
    "p10": 3.136,
    "median": 7.28,
    "p75": 8.276,
    "max": 8.276,
    "count": 139
  },
  "cstime": {
    "sum": 19.140000000000008,
    "avg": 0.13769784172661875,
    "min": 0.092,
    "p10": 0.092,
    "median": 0.156,
    "p75": 0.156,
    "max": 0.172,
    "count": 139
  },
  "minor_gb": {
    "sum": 966.5530085042119,
    "avg": 6.953618766217351,
    "min": 0.3483249694108963,
    "p10": 0.34927473962306976,
    "median": 10.790979780256748,
    "p75": 11.688693523406982,
    "max": 11.691106423735619,
    "count": 139
  },
  "promoted_gb": {
    "sum": 7.1754066571593285,
    "avg": 0.05162163062704553,
    "min": 0.031188257038593292,
    "p10": 0.031188257038593292,
    "median": 0.059815965592861176,
    "p75": 0.06756361573934555,
    "max": 0.06756361573934555,
    "count": 139
  },
  "major_gb": {
    "sum": 10.323131270706654,
    "avg": 0.07426713144393277,
    "min": 0.03971264511346817,
    "p10": 0.03971264511346817,
    "median": 0.08967702835798264,
    "p75": 0.10109693557024002,
    "max": 0.10109693557024002,
    "count": 139
  },
  "allocated_gb": {
    "sum": 969.7007331177592,
    "avg": 6.976264267034239,
    "min": 0.35701919347047806,
    "p10": 0.3579689636826515,
    "median": 10.82084084302187,
    "p75": 11.722226843237877,
    "max": 11.724639743566513,
    "count": 139
  },
  "minor_collections": {
    "sum": 129353.0,
    "avg": 930.5971223021583,
    "min": 62.0,
    "p10": 62.0,
    "median": 1427.0,
    "p75": 1557.0,
    "max": 1557.0,
    "count": 139
  },
  "major_collections": {
    "sum": 945.0,
    "avg": 6.798561151079137,
    "min": 4.0,
    "p10": 4.0,
    "median": 8.0,
    "p75": 9.0,
    "max": 9.0,
    "count": 139
  },
  "compactions": {
    "sum": 0.0,
    "avg": 0.0,
    "min": 0.0,
    "p10": 0.0,
    "median": 0.0,
    "p75": 0.0,
    "max": 0.0,
    "count": 139
  },
  "top_heap_gb": {
    "sum": 8.779144287109375,
    "avg": 0.06315931141805306,
    "min": 0.0357666015625,
    "p10": 0.0357666015625,
    "median": 0.06847381591796875,
    "p75": 0.08652496337890625,
    "max": 0.08652496337890625,
    "count": 139
  },
  "stack_kb": {
    "sum": 49.953125,
    "avg": 0.359375,
    "min": 0.359375,
    "p10": 0.359375,
    "median": 0.359375,
    "p75": 0.359375,
    "max": 0.359375,
    "count": 139
  },
  "minor_heap_kb": {
    "sum": 1138688.0,
    "avg": 8192.0,
    "min": 8192.0,
    "p10": 8192.0,
    "median": 8192.0,
    "p75": 8192.0,
    "max": 8192.0,
    "count": 139
  },
  "attributes_table": {
    "num_bindings": {
      "sum": 0.0,
      "avg": 0.0,
      "min": 0.0,
      "p10": 0.0,
      "median": 0.0,
      "p75": 0.0,
      "max": 0.0,
      "count": 139
    },
    "num_buckets": {
      "sum": 2224.0,
      "avg": 16.0,
      "min": 16.0,
      "p10": 16.0,
      "median": 16.0,
      "p75": 16.0,
      "max": 16.0,
      "count": 139
    },
    "max_bucket_length": {
      "sum": 0.0,
      "avg": 0.0,
      "min": 0.0,
      "p10": 0.0,
      "median": 0.0,
      "p75": 0.0,
      "max": 0.0,
      "count": 139
    }
  }
}