{
  "rtime": 8.17975902557373,
  "utime": 5.604,
  "stime": 0.064,
  "cutime": 7.28,
  "cstime": 0.172,
  "minor_gb": 10.790490202605724,
  "promoted_gb": 0.059815965592861176,
  "major_gb": 0.08967702835798264,
  "allocated_gb": 10.820351265370846,
  "minor_collections": 1427,
  "major_collections": 8,
  "compactions": 0,
  "top_heap_gb": 0.06847381591796875,
  "stack_kb": 0.359375,
  "minor_heap_kb": 8192.0,
  "attributes_table": {
    "num_bindings": 0,
    "num_buckets": 16,
    "max_bucket_length": 0
  }
}