{
  "rtime": 2.082469940185547,
  "utime": 0.476,
  "stime": 0.032,
  "cutime": 3.136,
  "cstime": 0.116,
  "minor_gb": 0.35384902358055115,
  "promoted_gb": 0.03205452859401703,
  "major_gb": 0.03971264511346817,
  "allocated_gb": 0.3615071401000023,
  "minor_collections": 62,
  "major_collections": 4,
  "compactions": 0,
  "top_heap_gb": 0.0357666015625,
  "stack_kb": 0.359375,
  "minor_heap_kb": 8192.0,
  "attributes_table": {
    "num_bindings": 0,
    "num_buckets": 16,
    "max_bucket_length": 0
  }
}