{
  "rtime": {
    "sum": 121.68110203742981,
    "avg": 121.68110203742981,
    "min": 121.68110203742981,
    "p10": 121.68110203742981,
    "median": 121.68110203742981,
    "p75": 121.68110203742981,
    "max": 121.68110203742981,
    "count": 1
  },
  "utime": {
    "sum": 0.055999999999999994,
    "avg": 0.055999999999999994,
    "min": 0.055999999999999994,
    "p10": 0.055999999999999994,
    "median": 0.055999999999999994,
    "p75": 0.055999999999999994,
    "max": 0.055999999999999994,
    "count": 1
  },
  "stime": {
    "sum": 0.024,
    "avg": 0.024,
    "min": 0.024,
    "p10": 0.024,
    "median": 0.024,
    "p75": 0.024,
    "max": 0.024,
    "count": 1
  },
  "cutime": {
    "sum": 193.72,
    "avg": 193.72,
    "min": 193.72,
    "p10": 193.72,
    "median": 193.72,
    "p75": 193.72,
    "max": 193.72,
    "count": 1
  },
  "cstime": {
    "sum": 5.796,
    "avg": 5.796,
    "min": 5.796,
    "p10": 5.796,
    "median": 5.796,
    "p75": 5.796,
    "max": 5.796,
    "count": 1
  },
  "minor_gb": {
    "sum": 0.01397021859884262,
    "avg": 0.01397021859884262,
    "min": 0.01397021859884262,
    "p10": 0.01397021859884262,
    "median": 0.01397021859884262,
    "p75": 0.01397021859884262,
    "max": 0.01397021859884262,
    "count": 1
  },
  "promoted_gb": {
    "sum": 0.0019255951046943665,
    "avg": 0.0019255951046943665,
    "min": 0.0019255951046943665,
    "p10": 0.0019255951046943665,
    "median": 0.0019255951046943665,
    "p75": 0.0019255951046943665,
    "max": 0.0019255951046943665,
    "count": 1
  },
  "major_gb": {
    "sum": 0.03243407607078552,
    "avg": 0.03243407607078552,
    "min": 0.03243407607078552,
    "p10": 0.03243407607078552,
    "median": 0.03243407607078552,
    "p75": 0.03243407607078552,
    "max": 0.03243407607078552,
    "count": 1
  },
  "allocated_gb": {
    "sum": 0.04447869956493378,
    "avg": 0.04447869956493378,
    "min": 0.04447869956493378,
    "p10": 0.04447869956493378,
    "median": 0.04447869956493378,
    "p75": 0.04447869956493378,
    "max": 0.04447869956493378,
    "count": 1
  },
  "minor_collections": {
    "sum": 8.0,
    "avg": 8.0,
    "min": 8.0,
    "p10": 8.0,
    "median": 8.0,
    "p75": 8.0,
    "max": 8.0,
    "count": 1
  },
  "major_collections": {
    "sum": 1.0,
    "avg": 1.0,
    "min": 1.0,
    "p10": 1.0,
    "median": 1.0,
    "p75": 1.0,
    "max": 1.0,
    "count": 1
  },
  "compactions": {
    "sum": 0.0,
    "avg": 0.0,
    "min": 0.0,
    "p10": 0.0,
    "median": 0.0,
    "p75": 0.0,
    "max": 0.0,
    "count": 1
  },
  "top_heap_gb": {
    "sum": 0.03348541259765625,
    "avg": 0.03348541259765625,
    "min": 0.03348541259765625,
    "p10": 0.03348541259765625,
    "median": 0.03348541259765625,
    "p75": 0.03348541259765625,
    "max": 0.03348541259765625,
    "count": 1
  },
  "stack_kb": {
    "sum": 0.359375,
    "avg": 0.359375,
    "min": 0.359375,
    "p10": 0.359375,
    "median": 0.359375,
    "p75": 0.359375,
    "max": 0.359375,
    "count": 1
  },
  "minor_heap_kb": {
    "sum": 8192.0,
    "avg": 8192.0,
    "min": 8192.0,
    "p10": 8192.0,
    "median": 8192.0,
    "p75": 8192.0,
    "max": 8192.0,
    "count": 1
  },
  "attributes_table": {
    "num_bindings": {
      "sum": 0.0,
      "avg": 0.0,
      "min": 0.0,
      "p10": 0.0,
      "median": 0.0,
      "p75": 0.0,
      "max": 0.0,
      "count": 1
    },
    "num_buckets": {
      "sum": 16.0,
      "avg": 16.0,
      "min": 16.0,
      "p10": 16.0,
      "median": 16.0,
      "p75": 16.0,
      "max": 16.0,
      "count": 1
    },
    "max_bucket_length": {
      "sum": 0.0,
      "avg": 0.0,
      "min": 0.0,
      "p10": 0.0,
      "median": 0.0,
      "p75": 0.0,
      "max": 0.0,
      "count": 1
    }
  }
}