{
  "rtime": 94.15837979316711,
  "utime": 0.056,
  "stime": 0.032,
  "cutime": 185.932,
  "cstime": 3.068,
  "minor_gb": 0.014613427221775055,
  "promoted_gb": 0.002084799110889435,
  "major_gb": 0.03148387372493744,
  "allocated_gb": 0.04401250183582306,
  "minor_collections": 8,
  "major_collections": 1,
  "compactions": 0,
  "top_heap_gb": 0.033447265625,
  "stack_kb": 0.359375,
  "minor_heap_kb": 8192.0,
  "attributes_table": {
    "num_bindings": 0,
    "num_buckets": 16,
    "max_bucket_length": 0
  }
}