{
  "rtime": {
    "sum": 292.13505244255066,
    "avg": 2.086678946018219,
    "min": 0.010081052780151367,
    "p10": 0.014237403869628906,
    "median": 0.0598444938659668,
    "p75": 0.5794095993041992,
    "max": 40.011289834976196,
    "count": 140
  },
  "utime": {
    "sum": 254.61600000000013,
    "avg": 1.8186857142857151,
    "min": 0.004,
    "p10": 0.006,
    "median": 0.023999999999999997,
    "p75": 0.446,
    "max": 37.208,
    "count": 140
  },
  "stime": {
    "sum": 2.288000000000001,
    "avg": 0.016342857142857152,
    "min": 0.0,
    "p10": 0.0,
    "median": 0.008,
    "p75": 0.02,
    "max": 0.096,
    "count": 140
  },
  "cutime": {
    "sum": 8.276,
    "avg": 0.05911428571428571,
    "min": 0.0,
    "p10": 0.0,
    "median": 0.0,
    "p75": 0.0,
    "max": 8.276,
    "count": 140
  },
  "cstime": {
    "sum": 0.156,
    "avg": 0.0011142857142857144,
    "min": 0.0,
    "p10": 0.0,
    "median": 0.0,
    "p75": 0.0,
    "max": 0.156,
    "count": 140
  },
  "minor_gb": {
    "sum": 183.6645336598158,
    "avg": 1.3118895261415413,
    "min": 0.007186509668827057,
    "p10": 0.0071866437792778015,
    "median": 0.010171592235565186,
    "p75": 0.5046502575278282,
    "max": 15.41728214174509,
    "count": 140
  },
  "promoted_gb": {
    "sum": 2.4692670851945877,
    "avg": 0.017637622037104197,
    "min": 0.0015816837549209595,
    "p10": 0.0015816837549209595,
    "median": 0.0015817061066627502,
    "p75": 0.006126541644334793,
    "max": 0.2809475511312485,
    "count": 140
  },
  "major_gb": {
    "sum": 3.0144094452261925,
    "avg": 0.021531496037329945,
    "min": 0.0016122236847877502,
    "p10": 0.0016122236847877502,
    "median": 0.007172759622335434,
    "p75": 0.012203380465507507,
    "max": 0.2896016165614128,
    "count": 140
  },
  "allocated_gb": {
    "sum": 184.2096760198474,
    "avg": 1.3157834001417672,
    "min": 0.007217049598693848,
    "p10": 0.007217183709144592,
    "median": 0.01576266810297966,
    "p75": 0.5124012678861618,
    "max": 15.425936207175255,
    "count": 140
  },
  "minor_collections": {
    "sum": 24273.0,
    "avg": 173.37857142857143,
    "min": 5.0,
    "p10": 5.0,
    "median": 5.0,
    "p75": 68.5,
    "max": 1992.0,
    "count": 140
  },
  "major_collections": {
    "sum": 313.0,
    "avg": 2.2357142857142858,
    "min": 0.0,
    "p10": 0.0,
    "median": 0.0,
    "p75": 1.0,
    "max": 25.0,
    "count": 140
  },
  "compactions": {
    "sum": 0.0,
    "avg": 0.0,
    "min": 0.0,
    "p10": 0.0,
    "median": 0.0,
    "p75": 0.0,
    "max": 0.0,
    "count": 140
  },
  "top_heap_gb": {
    "sum": 1.8400535583496094,
    "avg": 0.013143239702497209,
    "min": 0.003662109375,
    "p10": 0.003662109375,
    "median": 0.013591766357421875,
    "p75": 0.013591766357421875,
    "max": 0.08652496337890625,
    "count": 140
  },
  "stack_kb": {
    "sum": 50.3125,
    "avg": 0.359375,
    "min": 0.359375,
    "p10": 0.359375,
    "median": 0.359375,
    "p75": 0.359375,
    "max": 0.359375,
    "count": 140
  },
  "minor_heap_kb": {
    "sum": 1146880.0,
    "avg": 8192.0,
    "min": 8192.0,
    "p10": 8192.0,
    "median": 8192.0,
    "p75": 8192.0,
    "max": 8192.0,
    "count": 140
  },
  "attributes_table": {
    "num_bindings": {
      "sum": 842.0,
      "avg": 6.014285714285714,
      "min": 0.0,
      "p10": 0.0,
      "median": 1.0,
      "p75": 9.0,
      "max": 51.0,
      "count": 140
    },
    "num_buckets": {
      "sum": 2272.0,
      "avg": 16.228571428571428,
      "min": 16.0,
      "p10": 16.0,
      "median": 16.0,
      "p75": 16.0,
      "max": 32.0,
      "count": 140
    },
    "max_bucket_length": {
      "sum": 194.0,
      "avg": 1.3857142857142857,
      "min": 0.0,
      "p10": 0.0,
      "median": 1.0,
      "p75": 2.0,
      "max": 6.0,
      "count": 140
    }
  }
}