{
  "rtime": 1.0850889682769775,
  "utime": 0.9279999999999999,
  "stime": 0.024,
  "cutime": 0.0,
  "cstime": 0.0,
  "minor_gb": 0.84855867177248,
  "promoted_gb": 0.010513871908187866,
  "major_gb": 0.016263723373413086,
  "allocated_gb": 0.8543085232377052,
  "minor_collections": 113,
  "major_collections": 2,
  "compactions": 0,
  "top_heap_gb": 0.01563262939453125,
  "stack_kb": 0.359375,
  "minor_heap_kb": 8192.0,
  "attributes_table": {
    "num_bindings": 11,
    "num_buckets": 16,
    "max_bucket_length": 3
  }
}