{
  "rtime": 0.027363061904907227,
  "utime": 0.012,
  "stime": 0.0,
  "cutime": 0.0,
  "cstime": 0.0,
  "minor_gb": 0.0073681846261024475,
  "promoted_gb": 0.0015817061066627502,
  "major_gb": 0.0016185417771339417,
  "allocated_gb": 0.007405020296573639,
  "minor_collections": 5,
  "major_collections": 0,
  "compactions": 0,
  "top_heap_gb": 0.003662109375,
  "stack_kb": 0.359375,
  "minor_heap_kb": 8192.0,
  "attributes_table": {
    "num_bindings": 0,
    "num_buckets": 16,
    "max_bucket_length": 0
  }
}