{
  "rtime": 0.05308103561401367,
  "utime": 0.012,
  "stime": 0.012,
  "cutime": 0.0,
  "cstime": 0.0,
  "minor_gb": 0.010254427790641785,
  "promoted_gb": 0.0015817061066627502,
  "major_gb": 0.0072877854108810425,
  "allocated_gb": 0.015960507094860077,
  "minor_collections": 5,
  "major_collections": 0,
  "compactions": 0,
  "top_heap_gb": 0.013591766357421875,
  "stack_kb": 0.359375,
  "minor_heap_kb": 8192.0,
  "attributes_table": {
    "num_bindings": 4,
    "num_buckets": 16,
    "max_bucket_length": 1
  }
}