{
  "rtime": 0.3943440914154053,
  "utime": 0.188,
  "stime": 0.016,
  "cutime": 0.0,
  "cstime": 0.0,
  "minor_gb": 0.22079453617334366,
  "promoted_gb": 0.003506571054458618,
  "major_gb": 0.009299196302890778,
  "allocated_gb": 0.22658716142177582,
  "minor_collections": 32,
  "major_collections": 1,
  "compactions": 0,
  "top_heap_gb": 0.013591766357421875,
  "stack_kb": 0.359375,
  "minor_heap_kb": 8192.0,
  "attributes_table": {
    "num_bindings": 7,
    "num_buckets": 16,
    "max_bucket_length": 1
  }
}