{
  "rtime": 0.026478052139282227,
  "utime": 0.02,
  "stime": 0.004,
  "cutime": 0.0,
  "cstime": 0.0,
  "minor_gb": 0.011253230273723602,
  "promoted_gb": 0.0015817061066627502,
  "major_gb": 0.0071723684668540955,
  "allocated_gb": 0.016843892633914948,
  "minor_collections": 5,
  "major_collections": 0,
  "compactions": 0,
  "top_heap_gb": 0.013591766357421875,
  "stack_kb": 0.359375,
  "minor_heap_kb": 8192.0,
  "attributes_table": {
    "num_bindings": 1,
    "num_buckets": 16,
    "max_bucket_length": 1
  }
}