{
  "rtime": 0.07463598251342773,
  "utime": 0.012,
  "stime": 0.004,
  "cutime": 0.0,
  "cstime": 0.0,
  "minor_gb": 0.0074490830302238464,
  "promoted_gb": 0.0015816837549209595,
  "major_gb": 0.00165557861328125,
  "allocated_gb": 0.007522977888584137,
  "minor_collections": 5,
  "major_collections": 0,
  "compactions": 0,
  "top_heap_gb": 0.003662109375,
  "stack_kb": 0.359375,
  "minor_heap_kb": 8192.0,
  "attributes_table": {
    "num_bindings": 0,
    "num_buckets": 16,
    "max_bucket_length": 0
  }
}