{
  "rtime": 0.03828287124633789,
  "utime": 0.004,
  "stime": 0.008,
  "cutime": 0.0,
  "cstime": 0.0,
  "minor_gb": 0.007231689989566803,
  "promoted_gb": 0.0015817061066627502,
  "major_gb": 0.0016143545508384705,
  "allocated_gb": 0.007264338433742523,
  "minor_collections": 5,
  "major_collections": 0,
  "compactions": 0,
  "top_heap_gb": 0.003662109375,
  "stack_kb": 0.359375,
  "minor_heap_kb": 8192.0,
  "attributes_table": {
    "num_bindings": 0,
    "num_buckets": 16,
    "max_bucket_length": 0
  }
}