{
  "rtime": 0.08168292045593262,
  "utime": 0.027999999999999997,
  "stime": 0.008,
  "cutime": 0.0,
  "cstime": 0.0,
  "minor_gb": 0.01156192272901535,
  "promoted_gb": 0.0015817061066627502,
  "major_gb": 0.007172331213951111,
  "allocated_gb": 0.01715254783630371,
  "minor_collections": 5,
  "major_collections": 0,
  "compactions": 0,
  "top_heap_gb": 0.013591766357421875,
  "stack_kb": 0.359375,
  "minor_heap_kb": 8192.0,
  "attributes_table": {
    "num_bindings": 2,
    "num_buckets": 16,
    "max_bucket_length": 2
  }
}