{
  "rtime": 0.1856098175048828,
  "utime": 0.096,
  "stime": 0.016,
  "cutime": 0.0,
  "cstime": 0.0,
  "minor_gb": 0.12841163575649261,
  "promoted_gb": 0.0032384097576141357,
  "major_gb": 0.008940033614635468,
  "allocated_gb": 0.13411325961351395,
  "minor_collections": 21,
  "major_collections": 1,
  "compactions": 0,
  "top_heap_gb": 0.013591766357421875,
  "stack_kb": 0.359375,
  "minor_heap_kb": 8192.0,
  "attributes_table": {
    "num_bindings": 9,
    "num_buckets": 16,
    "max_bucket_length": 2
  }
}