{
  "rtime": 0.2188100814819336,
  "utime": 0.176,
  "stime": 0.016,
  "cutime": 0.0,
  "cstime": 0.0,
  "minor_gb": 0.18292272090911865,
  "promoted_gb": 0.003435693681240082,
  "major_gb": 0.00948198139667511,
  "allocated_gb": 0.18896900862455368,
  "minor_collections": 28,
  "major_collections": 1,
  "compactions": 0,
  "top_heap_gb": 0.013591766357421875,
  "stack_kb": 0.359375,
  "minor_heap_kb": 8192.0,
  "attributes_table": {
    "num_bindings": 15,
    "num_buckets": 16,
    "max_bucket_length": 3
  }
}