{
  "rtime": 0.023807048797607422,
  "utime": 0.008,
  "stime": 0.004,
  "cutime": 0.0,
  "cstime": 0.0,
  "minor_gb": 0.0073820799589157104,
  "promoted_gb": 0.0015816837549209595,
  "major_gb": 0.001618906855583191,
  "allocated_gb": 0.007419303059577942,
  "minor_collections": 5,
  "major_collections": 0,
  "compactions": 0,
  "top_heap_gb": 0.003662109375,
  "stack_kb": 0.359375,
  "minor_heap_kb": 8192.0,
  "attributes_table": {
    "num_bindings": 0,
    "num_buckets": 16,
    "max_bucket_length": 0
  }
}