{
  "rtime": 0.014929056167602539,
  "utime": 0.012,
  "stime": 0.0,
  "cutime": 0.0,
  "cstime": 0.0,
  "minor_gb": 0.007368713617324829,
  "promoted_gb": 0.0015816837549209595,
  "major_gb": 0.0016185194253921509,
  "allocated_gb": 0.0074055492877960205,
  "minor_collections": 5,
  "major_collections": 0,
  "compactions": 0,
  "top_heap_gb": 0.003662109375,
  "stack_kb": 0.359375,
  "minor_heap_kb": 8192.0,
  "attributes_table": {
    "num_bindings": 0,
    "num_buckets": 16,
    "max_bucket_length": 0
  }
}