{
  "rtime": 0.09587907791137695,
  "utime": 0.060000000000000005,
  "stime": 0.012,
  "cutime": 0.0,
  "cstime": 0.0,
  "minor_gb": 0.07926767319440842,
  "promoted_gb": 0.0031314492225646973,
  "major_gb": 0.00875680148601532,
  "allocated_gb": 0.08489302545785904,
  "minor_collections": 14,
  "major_collections": 1,
  "compactions": 0,
  "top_heap_gb": 0.013591766357421875,
  "stack_kb": 0.359375,
  "minor_heap_kb": 8192.0,
  "attributes_table": {
    "num_bindings": 3,
    "num_buckets": 16,
    "max_bucket_length": 2
  }
}