{
  "rtime": 0.04559493064880371,
  "utime": 0.023999999999999997,
  "stime": 0.004,
  "cutime": 0.0,
  "cstime": 0.0,
  "minor_gb": 0.010170459747314453,
  "promoted_gb": 0.0015816837549209595,
  "major_gb": 0.007172740995883942,
  "allocated_gb": 0.015761516988277435,
  "minor_collections": 5,
  "major_collections": 0,
  "compactions": 0,
  "top_heap_gb": 0.013591766357421875,
  "stack_kb": 0.359375,
  "minor_heap_kb": 8192.0,
  "attributes_table": {
    "num_bindings": 1,
    "num_buckets": 16,
    "max_bucket_length": 1
  }
}