{
  "rtime": 0.47305798530578613,
  "utime": 0.312,
  "stime": 0.008,
  "cutime": 0.0,
  "cstime": 0.0,
  "minor_gb": 0.4000285789370537,
  "promoted_gb": 0.006018772721290588,
  "major_gb": 0.011724010109901428,
  "allocated_gb": 0.4057338163256645,
  "minor_collections": 55,
  "major_collections": 1,
  "compactions": 0,
  "top_heap_gb": 0.013591766357421875,
  "stack_kb": 0.359375,
  "minor_heap_kb": 8192.0,
  "attributes_table": {
    "num_bindings": 7,
    "num_buckets": 16,
    "max_bucket_length": 3
  }
}