{
  "rtime": 0.5003402233123779,
  "utime": 0.388,
  "stime": 0.024,
  "cutime": 0.0,
  "cstime": 0.0,
  "minor_gb": 0.40976547449827194,
  "promoted_gb": 0.006234288215637207,
  "major_gb": 0.011937789618968964,
  "allocated_gb": 0.4154689759016037,
  "minor_collections": 57,
  "major_collections": 1,
  "compactions": 0,
  "top_heap_gb": 0.013591766357421875,
  "stack_kb": 0.359375,
  "minor_heap_kb": 8192.0,
  "attributes_table": {
    "num_bindings": 7,
    "num_buckets": 16,
    "max_bucket_length": 1
  }
}