{
  "rtime": 0.2636270523071289,
  "utime": 0.16799999999999998,
  "stime": 0.02,
  "cutime": 0.0,
  "cstime": 0.0,
  "minor_gb": 0.2421165257692337,
  "promoted_gb": 0.003556981682777405,
  "major_gb": 0.009238786995410919,
  "allocated_gb": 0.24779833108186722,
  "minor_collections": 35,
  "major_collections": 1,
  "compactions": 0,
  "top_heap_gb": 0.013591766357421875,
  "stack_kb": 0.359375,
  "minor_heap_kb": 8192.0,
  "attributes_table": {
    "num_bindings": 5,
    "num_buckets": 16,
    "max_bucket_length": 2
  }
}