{
  "rtime": 0.1793370246887207,
  "utime": 0.092,
  "stime": 0.012,
  "cutime": 0.0,
  "cstime": 0.0,
  "minor_gb": 0.09783639013767242,
  "promoted_gb": 0.002973496913909912,
  "major_gb": 0.009104393422603607,
  "allocated_gb": 0.10396728664636612,
  "minor_collections": 17,
  "major_collections": 1,
  "compactions": 0,
  "top_heap_gb": 0.013591766357421875,
  "stack_kb": 0.359375,
  "minor_heap_kb": 8192.0,
  "attributes_table": {
    "num_bindings": 15,
    "num_buckets": 16,
    "max_bucket_length": 3
  }
}