{
  "rtime": 0.07277512550354004,
  "utime": 0.044,
  "stime": 0.012,
  "cutime": 0.0,
  "cstime": 0.0,
  "minor_gb": 0.05036022514104843,
  "promoted_gb": 0.0029413625597953796,
  "major_gb": 0.008580699563026428,
  "allocated_gb": 0.05599956214427948,
  "minor_collections": 11,
  "major_collections": 1,
  "compactions": 0,
  "top_heap_gb": 0.013591766357421875,
  "stack_kb": 0.359375,
  "minor_heap_kb": 8192.0,
  "attributes_table": {
    "num_bindings": 9,
    "num_buckets": 16,
    "max_bucket_length": 3
  }
}