{
  "rtime": 29.080543994903564,
  "utime": 25.868000000000002,
  "stime": 0.08799999999999999,
  "cutime": 0.0,
  "cstime": 0.0,
  "minor_gb": 11.530738405883312,
  "promoted_gb": 0.20853827893733978,
  "major_gb": 0.21580275893211365,
  "allocated_gb": 11.538002885878086,
  "minor_collections": 1493,
  "major_collections": 23,
  "compactions": 0,
  "top_heap_gb": 0.0478363037109375,
  "stack_kb": 0.359375,
  "minor_heap_kb": 8192.0,
  "attributes_table": {
    "num_bindings": 27,
    "num_buckets": 16,
    "max_bucket_length": 4
  }
}