{
  "rtime": 0.3079531192779541,
  "utime": 0.24,
  "stime": 0.016,
  "cutime": 0.0,
  "cstime": 0.0,
  "minor_gb": 0.3597046434879303,
  "promoted_gb": 0.0040625035762786865,
  "major_gb": 0.010150089859962463,
  "allocated_gb": 0.3657922297716141,
  "minor_collections": 50,
  "major_collections": 1,
  "compactions": 0,
  "top_heap_gb": 0.013591766357421875,
  "stack_kb": 0.359375,
  "minor_heap_kb": 8192.0,
  "attributes_table": {
    "num_bindings": 17,
    "num_buckets": 16,
    "max_bucket_length": 3
  }
}