{
  "rtime": 0.21086621284484863,
  "utime": 0.152,
  "stime": 0.02,
  "cutime": 0.0,
  "cstime": 0.0,
  "minor_gb": 0.14396922290325165,
  "promoted_gb": 0.003191418945789337,
  "major_gb": 0.009074881672859192,
  "allocated_gb": 0.1498526856303215,
  "minor_collections": 23,
  "major_collections": 1,
  "compactions": 0,
  "top_heap_gb": 0.013591766357421875,
  "stack_kb": 0.359375,
  "minor_heap_kb": 8192.0,
  "attributes_table": {
    "num_bindings": 24,
    "num_buckets": 16,
    "max_bucket_length": 6
  }
}