{
  "rtime": 0.026710033416748047,
  "utime": 0.012,
  "stime": 0.0,
  "cutime": 0.0,
  "cstime": 0.0,
  "minor_gb": 0.007218703627586365,
  "promoted_gb": 0.0015817061066627502,
  "major_gb": 0.001612246036529541,
  "allocated_gb": 0.0072492435574531555,
  "minor_collections": 5,
  "major_collections": 0,
  "compactions": 0,
  "top_heap_gb": 0.003662109375,
  "stack_kb": 0.359375,
  "minor_heap_kb": 8192.0,
  "attributes_table": {
    "num_bindings": 0,
    "num_buckets": 16,
    "max_bucket_length": 0
  }
}