{
  "rtime": 0.017702817916870117,
  "utime": 0.004,
  "stime": 0.012,
  "cutime": 0.0,
  "cstime": 0.0,
  "minor_gb": 0.007259473204612732,
  "promoted_gb": 0.0015816837549209595,
  "major_gb": 0.0016151666641235352,
  "allocated_gb": 0.007292956113815308,
  "minor_collections": 5,
  "major_collections": 0,
  "compactions": 0,
  "top_heap_gb": 0.003662109375,
  "stack_kb": 0.359375,
  "minor_heap_kb": 8192.0,
  "attributes_table": {
    "num_bindings": 0,
    "num_buckets": 16,
    "max_bucket_length": 0
  }
}