{
  "rtime": 0.10794901847839355,
  "utime": 0.07200000000000001,
  "stime": 0.008,
  "cutime": 0.0,
  "cstime": 0.0,
  "minor_gb": 0.08475464582443237,
  "promoted_gb": 0.0029497146606445312,
  "major_gb": 0.008629076182842255,
  "allocated_gb": 0.0904340073466301,
  "minor_collections": 15,
  "major_collections": 1,
  "compactions": 0,
  "top_heap_gb": 0.013591766357421875,
  "stack_kb": 0.359375,
  "minor_heap_kb": 8192.0,
  "attributes_table": {
    "num_bindings": 9,
    "num_buckets": 16,
    "max_bucket_length": 3
  }
}