{
  "rtime": 0.07474803924560547,
  "utime": 0.02,
  "stime": 0.012,
  "cutime": 0.0,
  "cstime": 0.0,
  "minor_gb": 0.013325974345207214,
  "promoted_gb": 0.0015816837549209595,
  "major_gb": 0.007179327309131622,
  "allocated_gb": 0.018923617899417877,
  "minor_collections": 5,
  "major_collections": 0,
  "compactions": 0,
  "top_heap_gb": 0.013591766357421875,
  "stack_kb": 0.359375,
  "minor_heap_kb": 8192.0,
  "attributes_table": {
    "num_bindings": 3,
    "num_buckets": 16,
    "max_bucket_length": 2
  }
}