{
  "rtime": 1.6318421363830566,
  "utime": 1.16,
  "stime": 0.028,
  "cutime": 0.0,
  "cstime": 0.0,
  "minor_gb": 1.461067408323288,
  "promoted_gb": 0.008985921740531921,
  "major_gb": 0.015165336430072784,
  "allocated_gb": 1.4672468230128288,
  "minor_collections": 192,
  "major_collections": 2,
  "compactions": 0,
  "top_heap_gb": 0.01563262939453125,
  "stack_kb": 0.359375,
  "minor_heap_kb": 8192.0,
  "attributes_table": {
    "num_bindings": 21,
    "num_buckets": 16,
    "max_bucket_length": 4
  }
}