{
  "rtime": 0.059895992279052734,
  "utime": 0.023999999999999997,
  "stime": 0.008,
  "cutime": 0.0,
  "cstime": 0.0,
  "minor_gb": 0.010169923305511475,
  "promoted_gb": 0.0015817061066627502,
  "major_gb": 0.007172763347625732,
  "allocated_gb": 0.015760980546474457,
  "minor_collections": 5,
  "major_collections": 0,
  "compactions": 0,
  "top_heap_gb": 0.013591766357421875,
  "stack_kb": 0.359375,
  "minor_heap_kb": 8192.0,
  "attributes_table": {
    "num_bindings": 1,
    "num_buckets": 16,
    "max_bucket_length": 1
  }
}