{
  "rtime": 17.39114809036255,
  "utime": 15.767999999999999,
  "stime": 0.028,
  "cutime": 0.0,
  "cstime": 0.0,
  "minor_gb": 8.756506152451038,
  "promoted_gb": 0.15293164551258087,
  "major_gb": 0.15983758866786957,
  "allocated_gb": 8.763412095606327,
  "minor_collections": 1135,
  "major_collections": 18,
  "compactions": 0,
  "top_heap_gb": 0.041595458984375,
  "stack_kb": 0.359375,
  "minor_heap_kb": 8192.0,
  "attributes_table": {
    "num_bindings": 25,
    "num_buckets": 16,
    "max_bucket_length": 6
  }
}