{
  "rtime": 0.256026029586792,
  "utime": 0.164,
  "stime": 0.016,
  "cutime": 0.0,
  "cstime": 0.0,
  "minor_gb": 0.21410811692476273,
  "promoted_gb": 0.003435395658016205,
  "major_gb": 0.009228676557540894,
  "allocated_gb": 0.21990139782428741,
  "minor_collections": 32,
  "major_collections": 1,
  "compactions": 0,
  "top_heap_gb": 0.013591766357421875,
  "stack_kb": 0.359375,
  "minor_heap_kb": 8192.0,
  "attributes_table": {
    "num_bindings": 6,
    "num_buckets": 16,
    "max_bucket_length": 1
  }
}