{
  "rtime": 0.49455904960632324,
  "utime": 0.252,
  "stime": 0.036000000000000004,
  "cutime": 0.0,
  "cstime": 0.0,
  "minor_gb": 0.3597051724791527,
  "promoted_gb": 0.004062481224536896,
  "major_gb": 0.010150067508220673,
  "allocated_gb": 0.36579275876283646,
  "minor_collections": 50,
  "major_collections": 1,
  "compactions": 0,
  "top_heap_gb": 0.013591766357421875,
  "stack_kb": 0.359375,
  "minor_heap_kb": 8192.0,
  "attributes_table": {
    "num_bindings": 17,
    "num_buckets": 16,
    "max_bucket_length": 3
  }
}