{
  "rtime": 1.8085269927978516,
  "utime": 1.236,
  "stime": 0.032,
  "cutime": 0.0,
  "cstime": 0.0,
  "minor_gb": 1.9391418471932411,
  "promoted_gb": 0.010773271322250366,
  "major_gb": 0.016662172973155975,
  "allocated_gb": 1.9450307488441467,
  "minor_collections": 253,
  "major_collections": 3,
  "compactions": 0,
  "top_heap_gb": 0.01563262939453125,
  "stack_kb": 0.359375,
  "minor_heap_kb": 8192.0,
  "attributes_table": {
    "num_bindings": 8,
    "num_buckets": 16,
    "max_bucket_length": 2
  }
}