{
  "rtime": 1.0834839344024658,
  "utime": 0.88,
  "stime": 0.012,
  "cutime": 0.0,
  "cstime": 0.0,
  "minor_gb": 1.1361771747469902,
  "promoted_gb": 0.008033640682697296,
  "major_gb": 0.014179475605487823,
  "allocated_gb": 1.1423230096697807,
  "minor_collections": 150,
  "major_collections": 2,
  "compactions": 0,
  "top_heap_gb": 0.01563262939453125,
  "stack_kb": 0.359375,
  "minor_heap_kb": 8192.0,
  "attributes_table": {
    "num_bindings": 5,
    "num_buckets": 16,
    "max_bucket_length": 1
  }
}